{"bopal": 2681918.2570855487, "chandkheda": 13445129.66239292, "maninagar": 14270841.665900376, "naroda": 13337081.461750645, "paldi": 6235633.702419537, "vastrapur": 5859301.23051942}